title,company_name,location,remote
"Steuerberater (m/w/d) in Rackwitz, auf Wunsch mit Partnerperspektive, gesucht - mindestens 90.000€",Taxtalente.de,Rackwitz,False
"Steuerberater (m/w/d) in Torgau, auf Wunsch mit Partnerperspektive, gesucht - mindestens 90.000€",Taxtalente.de,Torgau,False
"Steuerberater (m/w/d) in Heusenstamm, auf Wunsch mit Partnerperspektive, gesucht - mindestens 90.000€",Taxtalente.de,Heusenstamm,False
"Steuerberater (m/w/d) in Fleischwangen, auf Wunsch mit Partnerperspektive, gesucht - mindestens 90.000€",Taxtalente.de,Fleischwangen,False
"Steuerberater (m/w/d) in Drebkau, auf Wunsch mit Partnerperspektive, gesucht - mindestens 90.000€",Taxtalente.de,Drebkau,False
"Steuerberater (m/w/d) in Limburg, auf Wunsch mit Partnerperspektive, gesucht - mindestens 90.000€",Taxtalente.de,Limburg,False
"Steuerberater (m/w/d) in Aalen, auf Wunsch mit Partnerperspektive, gesucht - mindestens 90.000€",Taxtalente.de,Aalen,False
"Steuerberater (m/w/d) in Fernwald, auf Wunsch mit Partnerperspektive, gesucht - mindestens 90.000€",Taxtalente.de,Fernwald,False
"Steuerberater (m/w/d) in Arnsberg, auf Wunsch mit Partnerperspektive, gesucht - mindestens 90.000€",Taxtalente.de,Arnsberg,False
"Steuerberater (m/w/d) in Hamm, auf Wunsch mit Partnerperspektive, gesucht - mindestens 90.000€",Taxtalente.de,Hamm,False
"Steuerberater (m/w/d) in Stein, auf Wunsch mit Partnerperspektive, gesucht - mindestens 90.000€",Taxtalente.de,Stein,False
"Steuerberater (m/w/d) in Nortorf, auf Wunsch mit Partnerperspektive, gesucht - mindestens 90.000€",Taxtalente.de,Nortorf,False
Senior Software Engineer (.NET) (f/m/d),Apaleo,"Munich, Bavaria, Germany",False
Software Engineer (.NET) (f/m/d),Apaleo,"Munich, Bavaria, Germany",False
Senior Talent Acquisition Partner (m/f/d) – FlixTrain,Flix,"Berlin, Berlin, Germany",False
Senior Dispatcher (m/w/d) FlixTrain,Flix,"Berlin, Berlin, Germany",False
Senior Product Designer,Wolt - English,"Berlin, Berlin, Germany",False
Venture Development Manager | €110k base | Berlin + Relocation,GENZ4GTM,Berlin,False
Praktikant Recruiting / Active Sourcing (m/w/d),Best Talents Consulting GmbH,Berlin,False
"Steuerberater (m/w/d) in Freital, auf Wunsch mit Partnerperspektive, gesucht - mindestens 90.000€",Taxtalente.de,Freital,False
"Steuerberater (m/w/d) in Nidda, auf Wunsch mit Partnerperspektive, gesucht - mindestens 90.000€",Taxtalente.de,Nidda,False
Solution Architect (m/w/d) SAP Advanced Event Mesh (Ref.Nr.: 46725),Wavestone Germany AG,Munich,True
(Pflicht-) Praktikum / Praxissemester Design (m/w/d),TaxIt Consulting GmbH,Stuttgart,False
"Dienstleistungsmanagement: Media, Vertrieb und Kommunikation",ml Metall Concept GmbH,Freudenstadt,False
Working Student – Digital Business Consulting (m/f/x),Virtual Identity AG,Munich,False
Business Development Manager - Technical Services (m/w/d),CBRE Global Workplace Solutions,Frankfurt am Main,False
Werkstudent IT (m/w/d),SafeDriver Group GmbH,Berlin,False
"Steuerberater (m/w/d) in Nürnberg, auf Wunsch mit Partnerperspektive, gesucht - mindestens 90.000€",Taxtalente.de,Nuremberg,False
Head of Growth / Director Growth Marketing - D2C Consumer Health (m/w/d),Apricot Health GmbH,Berlin,False
Intermediate Information Security Officer (m/w/d),R&C Request GmbH,Kreuztal,True
Intern - Real Estate & Expansion (m/w/d) @Studio Natura,Studio Natura,Berlin,False
Finance & Controlling Manager in Teil- oder Vollzeit (m/w/d),yoursquares GmbH,Berlin,False
Customer Success Manager (m/w/d),yoursquares GmbH,Berlin,False
Developer E-Procurement - Integrations & Products (w/m/d),Procurion GmbH,Neu-Ulm,False
Finanzbuchhalter:in mit Lust auf Aufbau (m/w/d) Remote oder Hybrid bei Kiel,Cellagon GmbH,Altenholz,True
Production Engineer (m/f/d),Blickfeld GmbH,Munich,False
Embedded Software Developer (m/w/d),Actana Consulting Services GmbH,Oberkochen,False
Python-Entwickler (m/w/d),Pixida Group,Munich,False
Campus Ambassador Finance (m/w/d) | Werkstudent / Freelancer,Fincura GmbH,Potsdam,False
Werkstudent*in (all genders) Business Development,GC Footwear GmbH,Berlin,False
IT Security Engineer (Cloud) - 100% Remote (m/w/d),Digistore24,Hanover,True
SAP Consultant (m/w/d) MM / PP,Biomatch GmbH,Koblenz,False
Werkstudent / Junior Marketing-Spezialist (m/w/d),OnStream Consulting GmbH,Dortmund,False
SAP Basis Administrator (m/w/d),Biomatch GmbH,Koblenz,False
Pflichtpraktikum Produktcontent & Shop-Pflege (m/w/d),Finie & Fasel,Dresden,True
FAIT / Steuerfachangestellte:r / DATEV (m/w/d) - Saas - remote,pathway solutions gmbh,Hamburg,True
Accounting Manager / Finance Manager (w/m/d) mit SAP & Englisch: vor Ort oder remote!,Fischer & Partner Gesellschaft für Personal mbH,Hamburg,False
Pflichtpraktikum Content Produktion & Blog Management (m/w/d),Finie & Fasel,Dresden,True
Content & Creator Manager (m/w/d),Creative Dreams,Düsseldorf,False
Innovation Lead Engineer (M/F/D),ITW Automotive Products GmbH,Röttingen,False
Performance Marketing Manager (gn),Every Health,Berlin,False
Finance Manager / Kaufmännische Leitung (m/w/d),VOLENTUM Deutschland GmbH,Magdeburg,False
Junior Designer,PCOStudio,Hamburg,True
Fachinformatiker Systemintegration (w/m/d) in Vollzeit,STENUM Ortho GmbH,Ganderkesee,False
IT-Systemadministrator (m/w/d),Kommunikationsysteme Scholz oHG,Neuss,False
Geschäftsführer:in - RCT Space GmbH (m/w/d),RCT Solutions GmbH,Konstanz,False
Pflichtpraktikum Social Media ManagerIn (m/w/d),LET IT CLICK GmbH,Osnabrück,True
Bauleiter / Site Manager Batteriespeicher & Netzanschluss (m/w/d),encosa energy GmbH,Munich,False
Werkstudent HR (m/w/d),Burgermeister,Berlin,False
AI Research & Tech Lead (m/w/x) Venture Capital,backtrace capital,Munich,False
Programmierer:in,INspares GmbH,Erkelenz,False
Mandatory Internship -Geographic Information Systems (m/w/d) -Full-time or Part-time,Energy Competence Centre,Berlin,False
Servicemonteur/ Servicetechniker (all genders) - Region Süd,Schwarte Group GmbH,Emsdetten,True
Wirtschaftsprüfer (m/w/d),MRDW - Mescheder Reese Dalkmann Wiebel PartGmbB,Paderborn,False
Financial Analyst / Business Controller (f/m/d),Plantura GmbH,Munich,False
Marketingmanager/-in Vollzeit (m/w/d),Lang Consulting GmbH,Freiburg im Breisgau,False
Senior IT-Project Manager (m/w/d),think about IT GmbH,Bochum,False
Ausbildung zum IT-Systemelektroniker (m/w/d),think about IT GmbH,Bochum,False
Marketingassistent/-in Vollzeit (m/w/d),Lang Consulting GmbH,Freiburg im Breisgau,False
Senior IT Administrator (m/w/d),think about IT GmbH,Bochum,False
IT-System Engineer (m/w/d),think about IT GmbH,Bochum,False
IT-Systemelektroniker (m/w/d),think about IT GmbH,Bochum,False
Senior IT-Project Manager (m/w/d),think about IT GmbH,Bochum,False
Mitarbeiter Auftragsdisposition & - Steuerung (m/w/d),think about IT GmbH,Bochum,False
Team Lead Finanzbuchhaltung (m/w/d),think about IT GmbH,Bochum,False
Ingenieure Tragwerksplanung (Statik) gesucht! (Bachelor / Master) (m/w/d),SAG Süddeutsche Abwasserreinigungs-Ingenieur GmbH,Ulm,False
Microsoft Azure / Intune Specialist (m/w/d),think about IT GmbH,Bochum,False
Security Engineer (m/w/d),think about IT GmbH,Bochum,False
Digital Business Consultant (m/f/x),Virtual Identity AG,Munich,False
Werkstudent im Bereich Kommunikation und Marketing (m/w/d) - 15 Stunden/Woche,Gutehoffnungshütte Radsatz GmbH,Oberhausen,False
Senior Consultant SAP RE-FX (Real Estate Management) (m/w/d),ECE Marketplaces GmbH & Co. KG,Hamburg,False
Product Manager - Renewable Energy Platform (AI-Native) (m/w/d),Otark GmbH,Frankfurt am Main,True
Projektingenieur (m/w/d) EMSR-Technik und Fabrikplanung,Biomatch GmbH,Mellingen,False
Technischer Serviceberater (m/w/d) im Serviceinnendienst,Eggersmann - Gruppe,Bad Oeynhausen,False
Werkstudent:in (m/w/d) im Backoffice,QualityMinds GmbH,Nuremberg,False
Chief of Staff / Future Founder (m/w/d) - WTE Group,WTE Charkos GmbH,Hamburg,False
Bauleiter (m/w/d) im Tief-und Straßenbau am Standort Stuttgart,JULIUS BACH Bauunternehmung GmbH,Stuttgart,False
SAP Basis Inhouse Berater (m/w/d),SAPPLIER GmbH,Moers,False
Oberbauleiter (m/w/d) im Tief-und Straßenbau am Standort Stuttgart,JULIUS BACH Bauunternehmung GmbH,Stuttgart,False
Werkstudent*in Marketing (w/m/d),Cross ALM,Berlin,False
IT Service Desk Technician (m/w/d),Domino's Pizza Deutschland,Hamburg,False
Geschäftsführer,Cleveland Medical gmbh,Stuttgart,False
Customs & Tax Specialist / Spezialist Zoll & Steuern (m/w/d),bits&birds GmbH,Hamburg,False
Team Lead Software Development (all genders),MegaDev GmbH,Munich,False
System Engineer - Schwerpunkt Windows & Microsoft Intune (m/w/d),jemix GmbH,Berlin,False
Senior Software Architect (m/f/d),smartmicro,Braunschweig,False
Senior Software Architekt (m/w/d),smartmicro,Braunschweig,False
Senior IT Projekt Manager (m/w/x),K-tronik GmbH,Munich,False
Werkstudent Vertrieb / Finanzberatung (m/w/d) – Praxis statt Theorie,Shereen Patzelt,Chemnitz,False
Projektleiter:in / Bauleiter:in mit Schwerpunkt Betoninstandsetzung & Bauen in Bestand,ArchiAktion GmbH,Berlin,False
